 _count, _0_u_d, _0_d_d, _0_u_u, _0_d_u,t_count,t_0_u_d,t_0_d_d,t_0_u_u,t_0_d_u,a_count,a_0_u_d,a_0_d_d,a_0_u_u,a_0_d_u,c_count,c_0_u_d,c_0_d_d,c_0_u_u,c_0_d_u,h_count,h_0_u_d,h_0_d_d,h_0_u_u,h_0_d_u,e_count,e_0_u_d,e_0_d_d,e_0_u_u,e_0_d_u,r_count,r_0_u_d,r_0_d_d,r_0_u_u,r_0_d_u,s_count,s_0_u_d,s_0_d_d,s_0_u_u,s_0_d_u,p_count,p_0_u_d,p_0_d_d,p_0_u_u,p_0_d_u,o_count,o_0_u_d,o_0_d_d,o_0_u_u,o_0_d_u,f_count,f_0_u_d,f_0_d_d,f_0_u_u,f_0_d_u,i_count,i_0_u_d,i_0_d_d,i_0_u_u,i_0_d_u,n_count,n_0_u_d,n_0_d_d,n_0_u_u,n_0_d_u,l_count,l_0_u_d,l_0_d_d,l_0_u_u,l_0_d_u,d_count,d_0_u_d,d_0_d_d,d_0_u_u,d_0_d_u,m_count,m_0_u_d,m_0_d_d,m_0_u_u,m_0_d_u,y_count,y_0_u_d,y_0_d_d,y_0_u_u,y_0_d_u,b_count,b_0_u_d,b_0_d_d,b_0_u_u,b_0_d_u,u_count,u_0_u_d,u_0_d_d,u_0_u_u,u_0_d_u,g_count,g_0_u_d,g_0_d_d,g_0_u_u,g_0_d_u,._count,._0_u_d,._0_d_d,._0_u_u,._0_d_u,v_count,v_0_u_d,v_0_d_d,v_0_u_u,v_0_d_u,w_count,w_0_u_d,w_0_d_d,w_0_u_u,w_0_d_u
1,859104000,861274000,862381000,2170000,1,181841000,183057000,183986000,1216000,1,274173000,277930000,276411000,3757000,1,108248000,111881000,110248000,3633000,1,103614000,106891000,107371000,3277000,1,161841000,166220000,164135000,4379000,1,252403000,254697000,255807000,2294000,1,122832000,126236000,124418000,3404000,1,172452000,173792000,173583000,1340000,1,180591000,184932000,183615000,4341000,1,161216000,162198000,162988000,982000,1,160163000,162179000,164504000,2016000,1,634743000,637767000,635879000,3024000,1,280862000,284783000,282202000,3921000,1,98101000,99673000,99104000,1572000,1,594710000,596189000,598063000,1479000,1,170740000,174638000,172910000,3898000,1,238880000,239268000,239374000,388000,1,173987000,175745000,175812000,1758000,1,149445000,150176000,149890000,731000,1,155075000,156871000,156153000,1796000,1,137759000,140828000,140140000,3069000,1,135847000,137276000,137193000,1429000
1,214097200,266043300,265102300,51946100,1,191994900,243000000,215995100,51005100,1,271034400,360982400,328032300,89948000,1,642238500,698239100,697232000,56000600,1,66004300,187004500,128053600,121000200,1,858269200,909313800,881268600,51044600,1,198037100,258037500,256999300,60000400,1,213095700,266088400,236102100,52992700,1,260028400,306046100,311034700,46017700,1,220994200,244000600,272994100,23006400,1,130999400,186946600,207999700,55947200,1,77999900,160998200,140000800,82998300,1,516639500,579622500,605644700,62983000,1,259114900,315061300,308115000,55946400,1,172964600,194017300,235947600,21052700,1,472526600,564543100,495474500,92016500,1,928180700,947228700,986128200,19048000,1,192992200,241992300,278989700,49000100,1,627462700,689010000,691473400,61547300,1,540640500,602641400,684642400,62000900,1,1566819500,1589767400,1687819700,22947900,1,237946600,258976500,309946300,21029900,1,292004400,345004300,344052500,52999900
1,859250000,991364000,990598000,132114000,1,576834000,708182000,707894000,131348000,1,1050580000,1193493000,1194512000,142913000,1,789275000,922736000,924490000,133461000,1,582025000,711354000,603719000,129329000,1,1995878000,2126189000,2127651000,130311000,1,571931000,702991000,703487000,131060000,1,622126000,767826000,753732000,145700000,1,1228771000,1488849000,1424101000,260078000,1,574709000,706315000,707262000,131606000,1,367904000,491782000,559587000,123878000,1,1192269000,1320808000,1322229000,128539000,1,1061131000,1191042000,1189820000,129911000,1,1312605000,1442565000,1442735000,129960000,1,562107000,691020000,692018000,128913000,1,1468408000,1596914000,1595488000,128506000,1,1434843000,1559890000,1561118000,125047000,1,622619000,752749000,753315000,130130000,1,867782000,995845000,999408000,128063000,1,1926974000,2210235000,2055669000,283261000,1,2134291000,2261371000,2263620000,127080000,1,408047000,543525000,543148000,135478000,1,997990000,1126685000,1127994000,128695000
1,487763800,633733800,512765900,145970000,1,124310800,189942800,192651300,65632000,1,99314400,193301700,182053600,93987300,1,50378300,159686100,237484000,109307800,1,141259200,191465300,208755500,50206100,1,364647400,431998800,431801500,67351400,1,83162100,151502600,143163000,68340500,1,156222000,239289700,198247400,83067700,1,137623500,191679600,288400400,54056100,1,117502300,159527700,202477700,42025400,1,120433800,157600800,208142400,37167000,1,204858900,287735800,297310800,82876900,1,121580400,189802600,206580700,68222200,1,83627700,176079600,150545200,92451900,1,133222200,223987100,185103400,90764900,1,436046900,550666600,480015700,114619700,1,649007600,718329500,751282200,69321900,1,110283600,177201100,256253600,66917500,1,141566500,206874800,224546000,65308300,1,151169700,192166200,234452300,40996500,1,476877600,544445800,527083700,67568200,1,129189500,178154400,192569300,48964900,1,173084000,254957700,201054200,81873700
1,84646200,216542200,153979600,131896000,1,131099800,200433200,231366000,69333400,1,238664900,354807700,287174500,116142800,1,270435500,355096400,339825100,84660900,1,169039200,206786800,263174000,37747600,1,1058485600,1127476300,1158864100,68990700,1,70379800,170646000,154128600,100266200,1,84605800,200465500,137974300,115859700,1,100360500,169644700,178730200,69284200,1,169604700,238967700,247746200,69363000,1,93771300,194070400,216230100,100299100,1,263667100,317135000,348313700,53467900,1,332148500,417411400,401558400,85262900,1,122633400,207280000,185212300,84646600,1,37750800,115860200,184899800,78109400,1,222812400,300953900,269716900,78141500,1,400556100,449065700,469987000,48509600,1,216185200,278764100,317053200,62578900,1,386257100,502133000,487541900,115875900,1,100250200,169313200,178381200,69063000,1,332751000,379655500,370498600,46904500,1,31217100,147386000,100586700,116168900,1,154051300,232182300,207757500,78131000
1,395692400,537478600,580452800,141786200,1,548722200,715148600,722559900,166426400,1,456870300,687690300,621618900,230820000,1,850097600,953642700,1000020000,103545100,1,97219000,223707700,241221800,126488700,1,685786200,870546600,808690500,184760400,1,343536700,517374400,472418000,173837700,1,487314600,612374900,652435100,125060300,1,316406800,438041700,442889900,121634900,1,529337300,694457800,692438100,165120500,1,536280900,768361000,678890400,232080100,1,840981000,978129200,1050738500,137148200,1,479633900,669843800,638034400,190209900,1,508363500,592657400,640878800,84293900,1,170168500,379926000,360378400,209757500,1,208717100,366550700,360972600,157833600,1,1156242700,1310154500,1240739800,153911800,1,131910700,264426000,284492600,132515300,1,712964500,855625600,849383700,142661100,1,673714000,828347700,903403900,154633700,1,911672000,1172944300,1038160700,261272300,1,323126200,469565900,463525400,146439700,1,178838200,408528100,249783600,229689900
1,486852000,578620900,639529000,91768900,1,1010279400,1160118000,1131964000,149838600,1,487937500,645632700,637776100,157695200,1,132120600,315115600,349277200,182995000,1,573174100,758986800,697431800,185812700,1,807453100,962845400,929271900,155392300,1,862024100,989164900,928322600,127140800,1,719441700,904305300,813498400,184863600,1,168021700,343177300,216957700,175155600,1,599589100,718637900,754981400,119048800,1,95395300,258370900,166770800,162975600,1,221133900,289766400,319471400,68632500,1,982646300,1134022100,1102496100,151375800,1,309652300,407989800,389725000,98337500,1,487605100,644422100,638980900,156817000,1,1209516800,1336494700,1304636200,126977900,1,2572315800,2696408200,2737135700,124092400,1,124714100,204786800,248844300,80072700,1,262545200,326602500,406914900,64057300,1,1761022600,1912969400,1887231800,151946800,1,1236394900,1331514300,1422207600,95119400,1,224039300,291994100,377115600,67954800,1,196012600,322221800,261096600,126209200
1,184037300,265044000,249131400,81006700,1,151711000,211710600,211711100,59999600,1,123776400,304590300,184769400,180813900,1,98071800,192071900,155559900,94000100,1,165008600,235004800,241960700,69996200,1,475806600,579803800,565169800,103997200,1,172000100,232000200,298000200,60000100,1,87642000,195358700,179528200,107716700,1,101005900,172753400,218006100,71747500,1,172227800,214653100,232228000,42425300,1,74060200,141484500,144000800,67424300,1,24998600,134000200,72999500,109001600,1,78999400,163000500,139004300,84001100,1,585439500,661185700,657324000,75746200,1,173126900,241858200,234083800,68731300,1,410271600,479295100,452274000,69023500,1,609174900,697985300,759143900,88810400,1,86999800,158884300,160033200,71884500,1,431493100,525498200,497493800,94005100,1,239213000,297270500,420026900,58057500,1,512987100,600988100,616984300,88001000,1,105025700,198101800,183899700,93076100,1,529085300,622089700,624627300,93004400
1,169266600,231766400,238276700,62499800,1,147004900,202999800,210999900,55994900,1,329627500,393999900,385622400,64372400,1,138061100,200567400,186001700,62506300,1,78124800,162760900,147136300,84636100,1,230001400,281000500,318996000,50999100,1,147135700,231772300,216146700,84636600,1,632801300,701812300,701810800,69011000,1,69008400,167769600,169266600,98761200,1,184894800,253905800,253905800,69011000,1,169276000,238287200,231775200,69011200,1,200192900,269203000,262693000,69010100,1,84637100,153646900,147136900,69009800,1,138022100,200522200,200521900,62500100,1,162323800,231327900,231333600,69004100,1,247393300,332029400,300779500,84636100,1,253900100,316405800,332024600,62505700,1,162762400,247399500,231773300,84637100,1,231770300,285157200,332033000,53386900,1,169270300,231770700,238278500,62500400,1,-170778287900,-170724901500,532545000,53386400,1,400452100,438214400,462952200,37762300,1,201689800,270698000,248566600,69008200
1,313407200,383283600,371631500,69876400,1,519558600,570423000,601185500,50864400,1,166298200,319305300,217162600,153007100,1,370993400,464340500,444600900,93347100,1,508587700,569825700,578186800,61238000,1,645547800,720346800,718517900,74799000,1,413785600,494700700,465611000,80915100,1,157352200,238649000,211668700,81296800,1,360462700,422494600,440137600,62031900,1,535388900,589705400,593278500,54316500,1,143424300,185219500,220542200,41795200,1,248445100,304668700,313333200,56223600,1,258345000,344779600,334829900,86434600,1,284806000,349694100,335670900,64888100,1,159768900,256084200,246203500,96315300,1,708454300,791063000,743358200,82608700,1,445203900,511158800,598096300,65954900,1,143891200,194756100,200796500,50864900,1,253729400,310632800,340292500,56903400,1,278040400,352567600,385072500,74527200,1,838664200,873568100,899902200,34903900,1,110718700,175766700,191976400,65048000,1,173494100,280526200,223323800,107032100
1,405481700,496937700,479991900,91456000,1,773183500,847693700,863976200,74510200,1,75499700,263364300,159870100,187864600,1,243484200,327872500,344281000,84388300,1,138990000,230968900,207821500,91978900,1,733169000,817205100,839666000,84036100,1,620998400,711791100,696024500,90792700,1,292823500,391823700,376036300,99000200,1,169251300,255999600,264178900,86748300,1,212312500,296839400,319988900,84526900,1,121317000,263569900,263605500,142252900,1,284371900,343911200,376087500,59539300,1,203582000,295650600,295926900,92068600,1,252920400,312464400,352025000,59544000,1,139949500,231500500,232018100,91551000,1,660083700,720003300,760294900,59919600,1,1866100400,1936324800,2032227700,70224400,1,148448500,223850400,232422000,75401900,1,323689800,399910300,391714200,76220500,1,732449300,824491100,871890800,92041800,1,1491559700,1591770900,1559715600,100211200,1,251210000,320041500,379174400,68831500,1,244454200,383895700,303998200,139441500
1,652853400,771961600,716911500,119108200,1,213568700,366707800,307653900,153139100,1,73066300,223202700,241219200,150136400,1,45041100,180163000,160147000,135121900,1,1325981200,1414060600,1429074200,88079400,1,580789500,716913200,642844800,136123700,1,81074000,229208300,199180700,148134300,1,143129300,293266100,252228600,150136800,1,765999700,856081500,899120600,90081800,1,965145900,1057229400,1064236000,92083500,1,83074700,219198900,188692700,136124200,1,243730300,321158000,323803700,77427700,1,38034900,146133000,140127400,108098100,1,199181400,279254800,303274200,80073400,1,115104600,262238700,223202700,147134100,1,444706200,544797400,551307500,100091200,1,206186300,362327300,276250000,156141000,1,84076800,188169600,203185000,104092800,1,242220200,334304000,348316500,92083800,1,37033200,152137500,178161500,115104300,1,-168092051200,-167980690500,469426300,111360700,1,102087600,234736700,211186900,132649100,1,126471600,267599900,201540000,141128300
1,429217600,504921700,505504400,75704100,1,123446500,199733300,182399100,76286800,1,227332300,287285100,327773600,59952800,1,283444900,368435600,359620500,84990700,1,209737400,271436500,286091600,61699100,1,231534000,345180400,330954100,113646400,1,211477400,271128800,287647800,59651400,1,380441200,488023800,478634200,107582600,1,157082800,240074500,223053800,82991700,1,101433700,199626700,199030000,98193000,1,189374800,240787100,293639000,51412300,1,244370400,319345100,328139400,74974700,1,284005300,368170500,360174200,84165200,1,188739600,272508600,248355000,83769000,1,194013200,255412700,278178400,61399500,1,378900900,479577000,463999200,100676100,1,944438300,1024018500,1031302800,79580200,1,139634800,199250200,239643700,59615400,1,274385600,335711600,352246100,61326000,1,588632500,672918600,649598000,84286100,1,452535000,528489300,514234100,75954300,1,306401800,392419600,427155400,86017800,1,227214600,288180100,302086500,60965500
1,916998900,1013000500,1016998600,96001600,1,1661998400,1781001400,1774998800,119003000,1,1248024900,1416018700,1317019700,167993800,1,301998100,380000300,399998000,78002200,1,179997600,256000900,256996400,76003300,1,622000300,756000900,713003400,134000600,1,193000000,284000900,292000100,91000900,1,615997600,723999400,709005300,108001800,1,557000200,648002300,648998300,91002100,1,377013000,476013100,505001600,99000100,1,171998700,272987500,279996900,100988800,1,190000500,288999900,326008400,98999400,1,142998300,231984200,227999800,88985900,1,254998100,353997100,373998500,98999000,1,205004500,325004600,296999300,120000100,1,793032800,900033400,889033000,107000600,1,1558311600,1645315500,1646175700,87003900,1,138000200,257000600,234001800,119000400,1,536693300,615690100,664693400,78996800,1,450990800,586998700,555991600,136007900,1,968482000,1064482200,1044485300,96000200,1,372016400,459009400,461002300,86993000,1,465000300,590999800,543002500,125999500
1,467019000,528997800,547553700,61978800,1,793573400,874108100,842572700,80534700,1,30999100,156275600,140257500,125276500,1,145255500,208305800,207950000,63050300,1,170883000,232524400,225883300,61641400,1,519568800,635569400,563092000,116000600,1,517710500,579711200,620708700,62000700,1,603786600,689836400,646436600,86049800,1,158786100,215923500,225176900,57137400,1,834720700,896724700,949720500,62004000,1,255495600,308479100,338521000,52983500,1,102149000,151148300,218149600,48999300,1,87101500,177102900,143109400,90001400,1,180073200,226074200,246952100,46001000,1,120643300,173640100,225643300,52996800,1,311105200,400684600,399507800,89579400,1,550619200,669858500,629435300,119239300,1,262813300,314815600,338468100,52002300,1,247015100,310025400,316013500,63010300,1,307664800,377974900,400982400,70310100,1,716881200,805283800,778522600,88402600,1,221645200,288706300,300666900,67061100,1,484848100,572204300,544875400,87356200
1,6017000,129188000,101669000,123171000,1,73008000,187887000,172615000,114879000,1,-9505000,132238000,105374000,141743000,1,28214000,153891000,144194000,125677000,1,7812000,154555000,51512000,146743000,1,113196000,208725000,175454000,95529000,1,120297000,195829000,184951000,75532000,1,667189000,748762000,763666000,81573000,1,87023000,159321000,238500000,72298000,1,51153000,174167000,132726000,123014000,1,36159000,91058000,145702000,54899000,1,67663000,163315000,201320000,95652000,1,-38654000,70025000,84517000,108679000,1,-5211000,128446000,79387000,133657000,1,65539000,163989000,174218000,98450000,1,33441000,158330000,142627000,124889000,1,151966000,250374000,251230000,98408000,1,8091000,70349000,150681000,62258000,1,239511000,341628000,306034000,102117000,1,13719000,152522000,88198000,138803000,1,640804000,737281000,787547000,96477000,1,153991000,242964000,292691000,88973000,1,-20635000,53844000,73052000,74479000
1,40023100,147384100,138671800,107361000,1,316224000,410896000,417727200,94672000,1,27327800,175679800,131759500,148352000,1,21167300,91015000,111936300,69847700,1,-52705100,54655100,105407800,107360200,1,70271900,168920600,193246800,98648700,1,33690000,183993500,140073800,150303500,1,69295400,149327300,188367900,80031900,1,51727900,144092700,186052400,92364800,1,37088900,162520200,143980800,125431300,1,40991300,135635800,146399900,94644500,1,84911400,176655100,209839900,91743700,1,51728400,167403100,211792600,115674700,1,54655600,179584100,160070200,124928500,1,23423500,139568200,139098200,116144700,1,106863600,240133000,234718700,133269400,1,129808100,240095900,258639500,110287800,1,34233600,139648200,129880800,105414600,1,-14638300,92720800,92720600,107359100,1,552457300,639321700,680874600,86864400,1,255277700,424162100,380206200,168884400,1,-12687400,70272100,75152400,82959500,1,-13663600,80031800,48799300,93695400
1,467760000,522613300,507653100,54853300,1,460778000,501175300,515631300,40397300,1,336604800,421881600,377002300,85276800,1,245847600,296217300,305687800,50369700,1,195980300,255820500,255326300,59840200,1,968438800,1013318900,1022294600,44880100,1,199970000,239863500,239863600,39893500,1,267789700,351072000,326632500,83282300,1,252335000,316164500,350073900,63829500,1,125663800,190995100,180025800,65331300,1,288239100,331124500,346084500,42885400,1,126167100,239863100,171047600,113696000,1,295219900,385977300,341097200,90757400,1,292227400,351069800,332120900,58842400,1,145610600,199970200,224903100,54359600,1,1073161900,1137989000,1152949600,64827100,1,598913100,634817200,663245600,35904100,1,162071400,206951400,205954000,44880000,1,351070700,430857300,411415800,79786600,1,186009000,230889500,230395200,44880500,1,1043732500,1108065700,1103572600,64333200,1,225407400,265300800,316164800,39893400,1,271778900,316165100,326632100,44386200
1,269609300,316497800,353826000,46888500,1,178109100,262325800,253619600,84216700,1,53441200,169352200,131561500,115911000,1,188982400,226771200,257622400,37788800,1,147178000,200604800,200593800,53426800,1,354271300,401166200,432428800,46894900,1,178450500,253961000,247507300,75510500,1,184521600,258582200,253515100,74060600,1,131132500,184572600,184513400,53440100,1,262699400,300508900,347369900,37809500,1,216054600,300739500,285110200,84684900,1,147033800,216124800,278572000,69091000,1,654050300,724418500,718910900,70368200,1,138093400,254021400,222732800,115928000,1,148572100,233216100,285167300,84644000,1,200611900,285164600,283269600,84552700,1,323072900,385587100,410067000,62514200,1,338778300,385650400,401294700,46872100,1,370004300,439081300,432521300,69077000,1,84673800,216212000,131474500,131538200,1,318533200,401190900,371960000,82657700,1,131536000,216062900,231892300,84526900,1,222591400,269392100,291623500,46800700
1,610079400,768304100,705311700,158224700,1,785168100,918096000,881392100,132927900,1,47615500,192944000,180543400,145328500,1,108127300,214272100,248000300,106144800,1,67455300,166655800,225183600,99200500,1,736560000,814432100,822864900,77872100,1,152271900,226176000,247008000,73904100,1,528240200,626944700,622977000,98704500,1,88783400,191951800,169135600,103168400,1,95230600,189967400,194926800,94736800,1,573871000,657200300,693903000,83329300,1,280240200,347200800,390352100,66960600,1,606607300,749952100,763840100,143344800,1,266847800,363567900,383904000,96720100,1,1362511800,1446832600,1499904200,84320800,1,955295700,1052016100,1061439800,96720400,1,1030687200,1136831500,1175520000,106144300,1,141855400,229152200,243039500,87296800,1,503936200,701344800,596687700,197408600,1,378447300,462271700,476160100,83824400,1,598176200,704320300,697376700,106144100,1,326863700,394320100,420609600,67456400,1,248495100,346207900,313968100,97712800
1,558633100,623609200,622122200,64976100,1,573589500,637078600,696170100,63489100,1,188457400,320517500,254921300,132060100,1,195679000,271070500,262438100,75391500,1,209920700,270431700,313585900,60511000,1,807102200,884450700,954203400,77348500,1,525929400,650710900,541801200,124781500,1,661746300,725231800,762435200,63485500,1,192972000,260679900,263158900,67707900,1,82338800,206338400,145824300,123999600,1,178790600,231791100,306828100,53000500,1,227206200,305078300,290694700,77872100,1,151775700,224687400,232621700,72911700,1,271815600,335304100,336765100,63488500,1,174604600,252972500,233629700,78367900,1,475098300,595130700,553467200,120032400,1,601416300,670361300,755176400,68945000,1,142273100,207222600,213189400,64949500,1,306291400,376723700,470778700,70432300,1,543809200,624134200,638544400,80325000,1,48140200,73930700,136578600,25790500,1,146529800,213864300,219441500,67334500,1,169172000,263907200,232659000,94735200
1,250571200,353785000,347155900,103213800,1,127282400,223867100,205198800,96584700,1,115836700,255113900,173728800,139277200,1,93637600,225828200,217219100,132190600,1,872025400,1073299900,970658900,201274500,1,798268000,903649500,883892400,105381500,1,148777700,226694100,181452400,77916400,1,277265700,375424800,376277600,98159100,1,311101800,405987800,392122800,94886000,1,104845100,203857000,203463600,99011900,1,244919300,325831700,324442600,80912400,1,242743700,293483100,345295700,50739400,1,-13962800,169400200,94796400,183363000,1,253445600,270402000,372938600,16956400,1,968023200,1090769100,1076790500,122745900,1,664943800,842273400,851420800,177329600,1,275019000,377991200,349887700,102972200,1,44542800,189271400,151258500,144728600,1,291577900,373223100,411856600,81645200,1,128559600,231111600,252648200,102552000,1,-168864037600,-168677560600,858762700,186477000,1,123765100,242613700,246874500,118848600,1,333256500,457345100,350212900,124088600
1,440519000,460148000,479439000,19629000,1,286174000,323748000,303885000,37574000,1,390720000,425957000,428294000,35237000,1,672765000,689978000,709399000,17213000,1,153074000,194472000,172703000,41398000,1,307939000,344183000,328753000,36244000,1,221441000,243273000,259836000,21832000,1,275443000,313336000,297566000,37893000,1,234064000,250886000,265616000,16822000,1,479071000,517466000,515044000,38395000,1,298875000,314593000,333943000,15718000,1,360521000,397915000,395359000,37394000,1,151184000,191461000,168897000,40277000,1,309491000,344371000,346885000,34880000,1,637228000,675269000,674950000,38041000,1,275919000,315613000,293291000,39694000,1,255580000,287845000,271508000,32265000,1,384345000,405159000,421862000,20814000,1,266581000,304357000,297679000,37776000,1,654344000,680196000,679896000,25852000,1,543469000,579442000,563164000,35973000,1,289237000,328564000,329514000,39327000,1,212367000,235096000,249163000,22729000
1,283619500,325565200,355209400,41945700,1,728796300,800386200,784683900,71589900,1,290381500,409710700,402634700,119329200,1,50152900,124705900,160670000,74553000,1,110819300,193879900,189355900,83060600,1,217896200,357602800,289114600,139706600,1,530816800,551788600,572201400,20971800,1,519377300,549299200,540349100,29921900,1,105756000,154617800,190857500,48861800,1,321937200,365420500,392769200,43483300,1,161153500,245230500,204347100,84077000,1,286018000,349481400,363806200,63463400,1,97071800,137971200,197757100,40899400,1,165556700,243344900,214265200,77788200,1,163573600,259273500,221855900,95699900,1,283758100,349603900,354816100,65845800,1,1133994000,1221459800,1189082000,87465800,1,112926300,161634800,222458600,48708500,1,364367000,415918100,422964700,51551100,1,131703500,240340300,203592000,108636800,1,513300900,584358900,596361500,71058000,1,208509700,268453200,249409100,59943500,1,568876500,636475900,650656300,67599400
1,516133100,532175400,602222000,16042300,1,641896200,727985100,701902600,86088900,1,475883300,556897500,542765100,81014200,1,311032300,388107400,325023100,77075100,1,378320900,440321900,396325200,62001000,1,496364700,559779500,565220300,63414800,1,282992100,342998500,345951200,60006400,1,781659500,884621300,846669000,102961800,1,179032500,255004200,280996600,75971700,1,206002700,271012200,281034700,65009500,1,223149700,277607700,279138600,54458000,1,279319400,327364100,315315300,48044700,1,335144300,387230900,352180500,52086600,1,526239900,626204600,607254100,99964700,1,390881400,446878700,448986100,55997300,1,357336400,428497000,400285300,71160600,1,833146900,884846700,929094200,51699800,1,315742700,385601700,333693400,69859000,1,375837700,466808200,433789900,90970500,1,294570500,365568400,342504900,70997900,1,540544900,583493800,633381700,42948900,1,257560400,319561700,311587800,62001300,1,232633400,280567800,285449200,47934400
1,277214200,354984100,361920700,77769900,1,386526800,475512200,486655000,88985400,1,91477900,288078300,180463300,196600400,1,63016900,299066200,136637800,236049300,1,90561300,182567200,151315200,92005900,1,389068300,513075400,453708200,124007100,1,168338600,258827200,336451600,90488600,1,33001400,208912200,120094500,175910800,1,79867100,179853900,200242600,99986800,1,79261600,247374600,197668700,168113000,1,123524300,281954300,273723700,158430000,1,223551500,303970900,355944300,80419400,1,122691900,204746400,199893600,82054500,1,172910300,222914100,249194500,50003800,1,189343300,315859400,271397800,126516100,1,310005500,392112700,436034400,82107200,1,590876100,757494100,814318800,166618000,1,87006800,197016700,148010100,110009900,1,84005500,212015700,276121200,128010200,1,361985600,460999100,492443700,99013500,1,393201800,519230700,485207700,126028900,1,424487800,476223100,579461500,51735300,1,111502800,241960900,161506600,130458100
1,1312252300,1406338900,1369305000,94086600,1,658083700,789205800,778699900,131122100,1,343196600,486326500,474318700,143129900,1,292025500,365092300,358882700,73066800,1,105095700,169158200,220200300,64062500,1,825115400,922211400,962935200,97096000,1,338312300,406376100,394868100,68063800,1,732085400,824170200,789137700,92084800,1,828590800,836598200,890648000,8007400,1,351825200,408381000,443910000,56555800,1,443980700,504035300,477010100,60054600,1,203184900,264110200,317293300,60925300,1,675805100,735282800,763885200,59477700,1,336814000,392868300,384857500,56054300,1,236086100,301145400,295563800,65059300,1,217198100,273755200,279258000,56557100,1,419261900,433784200,518620600,14522300,1,136130300,184173800,230216900,48043500,1,334811800,392864400,374848900,58052600,1,743392000,857500400,819460700,114108400,1,500323700,540360600,621076300,40036900,1,150112000,236471900,286236200,86359900,1,1023685600,1176824800,1096752400,153139200
1,296271650,358887595,390433737,62615945,1,219451672,313613759,355632875,94162087,1,122808362,298747874,237417347,175939512,1,114962418,262334594,170256243,147372176,1,36896076,186425175,144227376,149529099,1,146943706,210231270,413492341,63287564,1,136789733,248835793,265371213,112046060,1,182644961,309021140,314720472,126376179,1,30061744,164607616,93421339,134545872,1,237330914,365912394,297261203,128581480,1,45892270,161403462,152980892,115511192,1,185431097,248679422,363892034,63248325,1,114250626,238029541,206551819,123778915,1,223002516,283413861,297441834,60411345,1,53396802,207646465,177175717,154249663,1,317314791,392285036,477644230,74970245,1,484232556,589324097,614782787,105091541,1,68155147,175248331,140275944,107093184,1,106764354,183680937,328511952,76916583,1,145038185,218758018,246636991,73719833,1,346006374,506335813,495535473,160329439,1,49605125,155478215,105408858,105873090,1,53582570,155181376,113993915,101598806
1,896814600,944858000,975885800,48043400,1,175158900,231209700,290263300,56050800,1,120109200,240217900,192174600,120108700,1,43038400,160145300,124112000,117106900,1,159144600,223202500,240218000,64057900,1,726660000,808734400,853775200,82074400,1,79072200,200182100,153138800,121109900,1,272247500,424385600,335304500,152138100,1,148134400,216196300,216196100,68061900,1,327297100,391354700,440399800,64057600,1,135122700,216196300,210190600,81073600,1,280253800,336304400,382346700,56050600,1,104094500,200181700,152137500,96087200,1,170154300,272247200,233211400,102092900,1,144130800,216195700,240218000,72064900,1,479435100,528479300,559507800,49044200,1,309280800,432392500,416378100,123111700,1,96087200,159144300,144130600,63057100,1,463420500,551500300,535485900,88079800,1,298270200,391354400,383347700,93084200,1,344312200,416377700,400363000,72065500,1,94085300,216196500,167152000,122111200,1,198179300,280254200,246222900,82074900
1,592350700,653348600,655345100,60997900,1,306953400,413952900,415960600,106999500,1,407382000,527374600,478381600,119992600,1,289714500,406714800,396730700,117000300,1,411085900,483080600,488087500,71994700,1,439992500,543985200,545992300,103992700,1,373468100,482475300,500469500,109007200,1,413517000,521518800,474516500,108001800,1,269938200,360936700,332940100,90998500,1,305563600,374561800,442569300,68998200,1,272011400,368005000,365000900,95993600,1,275999300,368000400,341999200,92001100,1,966129900,1057130600,1035130600,91000700,1,646589500,720583500,720596300,73994000,1,245999500,329998500,337000200,83999000,1,1196310300,1269314100,1269303200,73003800,1,595712400,655708800,656712800,59996400,1,1125077800,1200069900,1199077800,74992100,1,407787100,483786800,481781100,75999700,1,301394400,418393900,411394800,116999500,1,809249900,882242800,879255400,72992900,1,310286100,427280500,331279500,116994400,1,288999100,398999500,354999700,110000400
1,1330003000,1347843000,1347522000,17840000,1,472809000,490328000,492057000,17519000,1,649950000,665187000,667475000,15237000,1,784656000,803064000,801516000,18408000,1,373344000,390220000,391783000,16876000,1,1304260000,1323220000,1322054000,18960000,1,511424000,527858000,527847000,16434000,1,598731000,617248000,616877000,18517000,1,392076000,406285000,405417000,14209000,1,432510000,450656000,452741000,18146000,1,370311000,385712000,384224000,15401000,1,369313000,387129000,384951000,17816000,1,715152000,732804000,731907000,17652000,1,587938000,603576000,607058000,15638000,1,359160000,376883000,376764000,17723000,1,1295063000,1309784000,1312588000,14721000,1,753430000,767378000,768468000,13948000,1,550212000,569332000,567658000,19120000,1,585969000,603880000,603401000,17911000,1,1117661000,1135326000,1136517000,17665000,1,1457531000,1475056000,1474621000,17525000,1,296453000,313865000,314105000,17412000,1,759737000,778593000,777385000,18856000
1,456846300,479842600,478846900,22996300,1,154956000,207994300,262955400,53038300,1,241005500,301005900,309000600,60000400,1,265734500,321682200,321680700,55947700,1,134001800,200997600,201000200,66995800,1,188061300,242061300,299999200,54000000,1,255545800,363545200,346546200,107999400,1,259072600,352078400,280073600,93005800,1,94054100,143053600,141027500,48999500,1,151999500,173000500,206006000,21001000,1,222999200,302998400,240000400,79999200,1,263050800,284098500,283056100,21047700,1,122999200,191938400,179999500,68939200,1,175994700,196000000,250993800,20005300,1,124041700,241041700,199093300,117000000,1,259940400,278893800,285941000,18953400,1,279191300,331192600,341190200,52001300,1,68077800,143076900,89077400,74999100,1,287999400,311000100,373005100,23000700,1,164001500,229001600,238053900,65000100,1,-53619938400,-53556883500,484634600,63054900,1,151218600,222237600,207219100,71019000,1,133062900,207115300,155053900,74052400
1,386149500,403151100,419153900,17001600,1,237017000,270021400,270018500,33004400,1,380027300,406029500,441086100,26002200,1,295581300,325584600,330583700,30003300,1,171015500,260046000,200016500,89030500,1,678839100,737844300,714844400,59005200,1,187013400,220014900,277020600,33001500,1,354148200,428155500,389148600,74007300,1,381147700,458154600,468152200,77006900,1,236018000,271018400,269021200,35000400,1,217015000,286016400,244017900,69001400,1,331531800,391534300,370536500,60002500,1,195015300,269021700,230377000,74006400,1,262354600,362363600,288356800,100009000,1,1100858000,1199865200,1135860700,99007200,1,793056700,830062600,881065000,37005900,1,1058637400,1090636500,1148640700,31999100,1,771848700,862854300,832852000,91005600,1,375059100,480070300,411087500,105011200,1,339163800,355162600,371168100,15998800,1,622965000,710973300,727485400,88008300,1,337036300,430043000,369038100,93006700,1,370800100,402804400,403803800,32004300
