backspaces, _u_d_avg, _d_d_avg, _d_u_avg, _u_u_avg, _count,t_u_d_avg,t_d_d_avg,t_d_u_avg,t_u_u_avg,t_count,e_u_d_avg,e_d_d_avg,e_d_u_avg,e_u_u_avg,e_count,a_u_d_avg,a_d_d_avg,a_d_u_avg,a_u_u_avg,a_count,s_u_d_avg,s_d_d_avg,s_d_u_avg,s_u_u_avg,s_count,p_u_d_avg,p_d_d_avg,p_d_u_avg,p_u_u_avg,p_count,r_u_d_avg,r_d_d_avg,r_d_u_avg,r_u_u_avg,r_count,f_u_d_avg,f_d_d_avg,f_d_u_avg,f_u_u_avg,f_count,i_u_d_avg,i_d_d_avg,i_d_u_avg,i_u_u_avg,i_count,o_u_d_avg,o_d_d_avg,o_d_u_avg,o_u_u_avg,o_count,l_u_d_avg,l_d_d_avg,l_d_u_avg,l_u_u_avg,l_count,d_u_d_avg,d_d_d_avg,d_d_u_avg,d_u_u_avg,d_count,u_u_d_avg,u_d_d_avg,u_d_u_avg,u_u_u_avg,u_count,m_u_d_avg,m_d_d_avg,m_d_u_avg,m_u_u_avg,m_count,x_u_d_avg,x_d_d_avg,x_d_u_avg,x_u_u_avg,x_count,n_u_d_avg,n_d_d_avg,n_d_u_avg,n_u_u_avg,n_count,b_u_d_avg,b_d_d_avg,b_d_u_avg,b_u_u_avg,b_count,y_u_d_avg,y_d_d_avg,y_d_u_avg,y_u_u_avg,y_count,c_u_d_avg,c_d_d_avg,c_d_u_avg,c_u_u_avg,c_count,g_u_d_avg,g_d_d_avg,g_d_u_avg,g_u_u_avg,g_count,h_u_d_avg,h_d_d_avg,h_d_u_avg,h_u_u_avg,h_count,v_u_d_avg,v_d_d_avg,v_d_u_avg,v_u_u_avg,v_count,w_u_d_avg,w_d_d_avg,w_d_u_avg,w_u_u_avg,w_count,z_u_d_avg,z_d_d_avg,z_d_u_avg,z_u_u_avg,z_count,._u_d_avg,._d_d_avg,._d_u_avg,._u_u_avg,._count,'_u_d_avg,'_d_d_avg,'_d_u_avg,'_u_u_avg,'_count,",_u_d_avg",",_d_d_avg",",_d_u_avg",",_u_u_avg",",_count"
17.0,373261717.0,374228695.0,966978.0,376840826.0,92.0,169237380.0,170668952.0,1431571.0,170672761.0,40.0,218916114.0,220309163.0,1393049.0,221765639.0,61.0,256553304.0,258103695.0,1550391.0,258254304.0,46.0,208067517.0,209485689.0,1418172.0,209539896.0,58.0,181366833.0,182779000.0,1412166.0,182760833.0,12.0,358104578.0,359771000.0,1666421.0,363649526.0,38.0,152474833.0,153488333.0,1013500.0,153660166.0,12.0,302061705.0,303474529.0,1412823.0,304117470.0,34.0,234008947.0,235459368.0,1450421.0,235628368.0,38.0,228445666.0,230333000.0,1887333.0,229652111.0,18.0,157209400.0,158337600.0,1128200.0,158178300.0,20.0,204029636.0,205402909.0,1373272.0,205561727.0,22.0,242699666.0,243787222.0,1087555.0,253126777.0,16.0,341279000.0,342442500.0,1163500.0,342473500.0,4.0,231990714.0,233464357.0,1473642.0,233067428.0,27.0,238880000.0,239268000.0,388000.0,239374000.0,2.0,411285285.0,413136428.0,1851142.0,412512142.0,14.0,209131307.0,210710153.0,1578846.0,210531307.0,25.0,163550500.0,165084000.0,1533500.0,164978000.0,4.0,135312727.0,136777818.0,1465090.0,136991090.0,22.0,204605000.0,207475800.0,2870800.0,206605000.0,9.0,135847000.0,137276000.0,1429000.0,137193000.0,1.0,221155000.0,223040000.0,1885000.0,222707000.0,1.0,141282000.0,142402500.0,1120500.0,142173000.0,4.0,193962000.0,194360000.0,398000.0,194300000.0,2.0,227489147.26923078,227489147.26923078,227489147.26923078,227489147.26923078,227489147.26923078
60.0,556774327.0,642993385.0,86219058.0,629976599.0,258.0,369881329.0,444312249.0,74430919.0,453087109.0,91.0,737277660.0,811670259.0,74392598.0,813750088.0,143.0,287232024.0,382016085.0,94784061.0,367219424.0,77.0,439489713.0,529370930.0,89881217.0,519679135.0,81.0,233612535.0,298266071.0,64653535.0,310352157.0,28.0,358933925.0,436881067.0,77947142.0,435246384.0,78.0,192464379.0,274885686.0,82421306.0,268146003.0,29.0,204106174.0,276259537.0,72153363.0,278820071.0,74.0,273905302.0,343109241.0,69203939.0,350553706.0,91.0,233483410.0,306589597.0,73106187.0,319076838.0,39.0,413678002.0,494011938.0,80333935.0,487342991.0,34.0,218635516.0,284867730.0,66232213.0,297665506.0,29.0,387096212.0,465618239.0,78522027.0,465747012.0,33.0,214874033.0,317118500.0,102244466.0,296213033.0,3.0,419287232.0,494836414.0,75549182.0,496251827.0,62.0,232162831.0,296031620.0,63868789.0,303924441.0,29.0,401361947.0,467055947.0,65694000.0,489726004.0,21.0,269672152.0,356555818.0,86883665.0,341975520.0,44.0,585888600.0,654940783.0,69052183.0,678584141.0,12.0,241264694.0,309957849.0,68693154.0,320742296.0,55.0,198086740.0,275094650.0,77007910.0,279647010.0,10.0,201066283.0,292648391.0,91582108.0,272687558.0,12.0,42753900.0,153914100.0,111160200.0,161779000.0,1.0,1172187575.0,7603224875.0,6431037300.0,1255772862.0,16.0,-14924200.0,63857800.0,78782000.0,79990600.0,1.0,1000018583.0,1066519950.0,66501366.0,1084761275.0,11.0
26.0,737500738.0,853579867.0,116079128.0,863188931.0,249.0,564075678.0,701796287.0,137720609.0,695369965.0,87.0,683789908.0,819042267.0,135252359.0,818863507.0,142.0,522916671.0,643742214.0,120825542.0,658409057.0,70.0,670689975.0,812388750.0,141698775.0,800053475.0,79.0,469277192.0,595894576.0,126617384.0,584271307.0,26.0,539774513.0,676867223.0,137092710.0,666794618.0,76.0,514579964.0,652431571.0,137851607.0,642553107.0,28.0,483516371.0,603820300.0,120303928.0,615222900.0,70.0,515400235.0,624529647.0,109129411.0,647775352.0,85.0,856962564.0,972729025.0,115766461.0,981773717.0,39.0,598695970.0,739940823.0,141244852.0,727952294.0,34.0,543003896.0,666045344.0,123041448.0,663986275.0,29.0,734005225.0,861887064.0,127881838.0,871381032.0,31.0,319252000.0,474839000.0,155587000.0,423886000.0,2.0,667021721.0,793398327.0,126376606.0,797164327.0,61.0,562510413.0,677884793.0,115374379.0,690476103.0,29.0,722196863.0,857938363.0,135741500.0,838678772.0,22.0,476211744.0,630091790.0,153880046.0,597789488.0,43.0,958771750.0,1099380333.0,140608583.0,1079014500.0,11.0,438981392.0,569684039.0,130702647.0,559534156.0,51.0,306618111.0,431208111.0,124590000.0,435466222.0,9.0,775200833.0,915251916.0,140051083.0,905148000.0,12.0,152744000.0,274039000.0,121295000.0,234021000.0,1.0,1455390526.0,4967898684.0,3512508157.0,1581858473.0,19.0,102694000.0,204854000.0,102160000.0,221016000.0,1.0,1052740100.0,1192802900.0,140062800.0,1181220200.0,10.0
82.0,254881129.0,376508183.0,121627054.0,335632249.0,262.0,166191437.0,243382196.0,77190759.0,258889139.0,93.0,234204471.0,316724170.0,82519698.0,327774486.0,145.0,125687602.0,231504694.0,105817092.0,213240148.0,75.0,108520443.0,202010377.0,93489934.0,206411149.0,81.0,157165437.0,240729951.0,83564514.0,258906351.0,27.0,152622781.0,238524282.0,85901501.0,244325200.0,79.0,122507160.0,189189385.0,66682225.0,211338157.0,27.0,113156960.0,208391522.0,95234562.0,207381947.0,73.0,109624638.0,196965074.0,87340435.0,203651447.0,90.0,129982951.0,218003615.0,88020664.0,236299956.0,39.0,144696211.0,224760811.0,80064600.0,229721144.0,30.0,114296360.0,210627657.0,96331296.0,200972289.0,28.0,255493596.0,343705178.0,88211581.0,354694221.0,33.0,88445650.0,185014000.0,96568350.0,160105450.0,2.0,180523739.0,268993876.0,88470136.0,270773900.0,63.0,132122450.0,218109664.0,85987214.0,227895989.0,27.0,214353100.0,278911300.0,64558200.0,321359852.0,23.0,133434177.0,222507804.0,89073627.0,231203386.0,44.0,175654169.0,239899500.0,64245330.0,285277246.0,13.0,125227215.0,203854896.0,78627680.0,222157626.0,51.0,112006240.0,176065960.0,64059720.0,203391360.0,10.0,138390733.0,221434253.0,83043520.0,227592400.0,15.0,113152200.0,192826300.0,79674100.0,224041800.0,1.0,565690566.0,2238489080.0,1672798514.0,648254700.0,21.0,0.0,112356100.0,112356100.0,78568500.0,1.0,347545150.0,451097290.0,103552140.0,447670400.0,9.0
42.0,359150194.0,473045757.0,113895563.0,450242739.0,256.0,165829888.0,260461791.0,94631902.0,265474047.0,90.0,302678408.0,390472072.0,87793663.0,403993295.0,144.0,111880890.0,247358138.0,135477247.0,209744734.0,76.0,220590230.0,330942738.0,110352507.0,320760515.0,78.0,234982811.0,311247026.0,76264215.0,331376553.0,26.0,190288154.0,289131290.0,98843136.0,294801684.0,75.0,113435972.0,203492158.0,90056186.0,206592506.0,29.0,132483444.0,237121917.0,104638472.0,232125866.0,69.0,170299086.0,262307012.0,92007925.0,264011937.0,90.0,156541015.0,247440777.0,90899762.0,266913757.0,40.0,173812233.0,265406842.0,91594609.0,266093893.0,33.0,245603512.0,321418600.0,75815087.0,344860912.0,31.0,333515750.0,421568767.0,88053017.0,431901132.0,33.0,127510550.0,212219750.0,84709200.0,217433250.0,2.0,278776038.0,374630410.0,95854371.0,379407628.0,59.0,192507575.0,278270410.0,85762835.0,284137646.0,28.0,315683752.0,396472639.0,80788886.0,428408604.0,23.0,176517628.0,284067583.0,107549954.0,271424854.0,41.0,416793169.0,515218238.0,98425069.0,533226838.0,13.0,193580394.0,268066513.0,74486118.0,290356288.0,53.0,166614044.0,292115444.0,125501400.0,276000922.0,9.0,124869708.0,227805300.0,102935591.0,216329141.0,12.0,185738100.0,301366700.0,115628600.0,302337900.0,1.0,492688257.0,2356918321.0,1864230063.0,574929878.0,19.0,302391400.0,456778300.0,154386900.0,419130300.0,1.0,374966166.0,483412166.0,108446000.0,476561722.0,9.0
62.0,839059659.0,997594631.0,158534972.0,1000490240.0,262.0,294469766.0,463335609.0,168865842.0,464745813.0,87.0,561846147.0,740284062.0,178437914.0,726829990.0,142.0,327302808.0,537521710.0,210218902.0,488578533.0,74.0,475573533.0,647952843.0,172379310.0,643973412.0,90.0,600230346.0,749085967.0,148855621.0,768013257.0,28.0,395472452.0,560865730.0,165393278.0,558793784.0,77.0,279389917.0,464794789.0,185404871.0,445392657.0,28.0,413889034.0,581252783.0,167363748.0,572228120.0,71.0,378640842.0,566179557.0,187538714.0,545315126.0,87.0,428588800.0,568519763.0,139930963.0,592921004.0,41.0,402288081.0,583629931.0,181341850.0,575351215.0,38.0,397261406.0,564377962.0,167116555.0,555996555.0,29.0,509139734.0,675332403.0,166192668.0,682526296.0,32.0,710590200.0,841526100.0,130935900.0,869655000.0,2.0,523879028.0,688680368.0,164801340.0,687044041.0,60.0,307078214.0,452638085.0,145559871.0,481634225.0,27.0,610224045.0,774283000.0,164058954.0,793752409.0,20.0,266908114.0,419551273.0,152643158.0,427753231.0,40.0,665069346.0,830577853.0,165508507.0,857194492.0,13.0,225890568.0,373871319.0,147980750.0,396834931.0,49.0,190705766.0,362882622.0,172176855.0,370273000.0,9.0,291660933.0,531906341.0,240245408.0,417219758.0,12.0,472817600.0,585989000.0,113171400.0,689364200.0,1.0,1413563163.0,5407640684.0,3994077521.0,1572194063.0,19.0,130390500.0,303915400.0,173524900.0,295052600.0,1.0,1357699100.0,1505503690.0,147804590.0,1513984370.0,10.0
243.0,695161765.0,833315894.0,138154128.0,841089525.0,289.0,475508800.0,624921267.0,149412466.0,625065122.0,109.0,573115824.0,759824426.0,186708601.0,713368111.0,173.0,371363419.0,543054513.0,171691093.0,519449198.0,82.0,612024422.0,788881654.0,176857231.0,753878753.0,94.0,382918220.0,554036270.0,171118050.0,544811533.0,29.0,506303965.0,689660820.0,183356854.0,651959847.0,91.0,255673140.0,408829511.0,153156371.0,415890977.0,35.0,312695844.0,872897370.0,560201526.0,461282238.0,99.0,310674941.0,461927976.0,151253034.0,461966862.0,103.0,489938778.0,634989900.0,145051121.0,651446415.0,46.0,546732169.0,745851095.0,199118926.0,682587495.0,49.0,420039215.0,569370753.0,149331537.0,562234853.0,32.0,832249246.0,977648417.0,145399171.0,972594212.0,39.0,203846950.0,405663600.0,201816650.0,347752900.0,2.0,516342702.0,655410297.0,139067594.0,663288140.0,72.0,362239857.0,484946076.0,122706218.0,525980234.0,38.0,805139634.0,929470250.0,124330615.0,954105553.0,26.0,344793383.0,518606230.0,173812846.0,495334185.0,49.0,878858978.0,997822160.0,118963182.0,997216686.0,23.0,372809928.0,494995595.0,122185667.0,519007119.0,67.0,734479130.0,873028561.0,138549430.0,888476800.0,13.0,270904678.0,447182300.0,176277621.0,411682535.0,14.0,89368100.0,260361800.0,170993700.0,232673500.0,1.0,1331785738.0,1419124871.0,87339133.0,1476669195.0,21.0,144909900.0,260743100.0,115833200.0,318871200.0,1.0,724902914.0,810219257.0,85316342.0,858024707.0,14.0
197.0,352374720.0,447579257.0,95204536.0,446306484.0,276.0,163313804.0,250442036.0,87128232.0,258830179.0,98.0,264321847.0,369318659.0,104996811.0,357614277.0,159.0,140612005.0,279066302.0,138454296.0,234762796.0,83.0,176616728.0,287320701.0,110703972.0,277626553.0,88.0,188963441.0,297138020.0,108174579.0,287413055.0,29.0,190667708.0,292762879.0,102095170.0,292159561.0,78.0,138032546.0,228226834.0,90194287.0,234006228.0,32.0,158178635.0,257347097.0,99168461.0,257855350.0,80.0,161918626.0,268613673.0,106695047.0,253449217.0,103.0,212559554.0,294786483.0,82226928.0,311783792.0,42.0,169976500.0,256137105.0,86160605.0,261827551.0,35.0,231148343.0,322093184.0,90944841.0,317939102.0,39.0,269978243.0,360097718.0,90119475.0,362227337.0,36.0,140190233.0,239390800.0,99200566.0,235475866.0,1.0,243721760.0,338533939.0,94812178.0,336109049.0,69.0,190240070.0,270293932.0,80053861.0,282750129.0,31.0,284777176.0,375841926.0,91064750.0,388407565.0,23.0,128519182.0,217002680.0,88483497.0,222793366.0,44.0,354312460.0,438944280.0,84631820.0,468966020.0,15.0,163898608.0,249399539.0,85500931.0,263838148.0,58.0,106566860.0,202975000.0,96408140.0,201537590.0,10.0,196460573.0,306038006.0,109577433.0,285388146.0,15.0,221443895.34615386,221443895.34615386,221443895.34615386,221443895.34615386,221443895.34615386,549926342.0,2851315109.0,2301388766.0,632053652.0,21.0,24753800.0,167465900.0,142712100.0,125445700.0,1.0,555511515.0,645882469.0,90370953.0,649803430.0,13.0
17.0,270109845.0,349010239.0,78900394.0,345598745.0,248.0,166886131.0,242954644.0,76068512.0,246310703.0,85.0,187082490.0,266680022.0,79597531.0,264626984.0,136.0,152602754.0,233844716.0,81241961.0,228429060.0,71.0,130287704.0,345861565.0,215573861.0,206938469.0,73.0,119607952.0,197271400.0,77663448.0,194625180.0,24.0,152780831.0,228266936.0,75486105.0,229561355.0,74.0,147436955.0,221601496.0,74164540.0,224251559.0,26.0,130174995.0,206647828.0,76472832.0,206545323.0,67.0,163401020.0,238392810.0,74991790.0,238077923.0,90.0,136722681.0,207503364.0,70780683.0,211514716.0,36.0,115237061.0,191112045.0,75874983.0,191237303.0,31.0,122614959.0,199836159.0,77221200.0,198466537.0,27.0,286701948.0,360234580.0,73532632.0,368851080.0,31.0,92445600.0,177867350.0,85421750.0,165203950.0,2.0,199269950.0,272516180.0,73246229.0,275772831.0,57.0,188185319.0,259045222.0,70859903.0,263201703.0,31.0,192816604.0,267221472.0,74404868.0,272879995.0,22.0,138102664.0,213599651.0,75496987.0,212933269.0,39.0,183830084.0,250858938.0,67028853.0,264505538.0,13.0,115434313.0,189997850.0,74563537.0,194984974.0,51.0,101101720.0,173432960.0,72331240.0,185582940.0,10.0,156454533.0,239243200.0,82788666.0,226411200.0,12.0,62504500.0,127509700.0,65005200.0,162763200.0,1.0,715615712.0,785691162.0,70075450.0,787390668.0,15.0,0.0,69009800.0,69009800.0,86780100.0,1.0,341632840.0,407188790.0,65555950.0,422601770.0,10.0
59.0,431055562.0,532563131.0,101507569.0,510196576.0,259.0,289870840.0,362160250.0,72289409.0,371250416.0,93.0,330836217.0,419769522.0,88933305.0,413181779.0,140.0,205015914.0,313026410.0,108010496.0,285811745.0,76.0,262673397.0,356102297.0,93428900.0,344605658.0,81.0,234739057.0,318546185.0,83807128.0,317283896.0,28.0,259773797.0,342608257.0,82834460.0,342283626.0,78.0,149552403.0,227790871.0,78238467.0,229410692.0,28.0,249709511.0,325130728.0,75421216.0,335096095.0,71.0,256930393.0,338093358.0,81162965.0,337500722.0,87.0,266022880.0,342237785.0,76214905.0,351934937.0,39.0,222747630.0,312448163.0,89700533.0,305675569.0,33.0,240511127.0,313347406.0,72836278.0,322100421.0,33.0,376627019.0,460162496.0,83535477.0,459546270.0,31.0,161860400.0,224864400.0,63004000.0,283647300.0,2.0,311548560.0,393053315.0,81504755.0,389629893.0,58.0,173694192.0,236822325.0,63128132.0,251881903.0,28.0,289810482.0,362931178.0,73120696.0,378807146.0,28.0,294559874.0,377739953.0,83180079.0,379038406.0,43.0,310421553.0,386077276.0,75655723.0,396943800.0,13.0,169445486.0,238422188.0,68976702.0,250482384.0,50.0,120247766.0,204977633.0,84729866.0,206397977.0,9.0,268141118.0,359066527.0,90925409.0,346429663.0,10.0,138599300.0,215446900.0,76847600.0,290815700.0,1.0,659063475.0,728636240.0,69572765.0,730273620.0,20.0,21017600.0,113585100.0,92567500.0,112668100.0,1.0,668526120.0,737598470.0,69072350.0,744623980.0,10.0
69.0,750585773.0,845348533.0,94762759.0,856968361.0,262.0,418495667.0,522991187.0,104495520.0,521357958.0,92.0,452486049.0,567973815.0,115487766.0,557044164.0,145.0,307217893.0,433451268.0,126233375.0,413741872.0,76.0,374392695.0,496239107.0,121846412.0,482095654.0,81.0,369307013.0,473355060.0,104048046.0,486554153.0,30.0,350868228.0,474456026.0,123587798.0,452079294.0,77.0,211581670.0,327310225.0,115728555.0,329482551.0,27.0,245132135.0,354665569.0,109533433.0,358357718.0,70.0,278097412.0,382394562.0,104297150.0,382066006.0,90.0,300551315.0,391630023.0,91078707.0,406495134.0,37.0,316719654.0,437421536.0,120701881.0,428649530.0,33.0,268109482.0,365102228.0,96992746.0,370254621.0,28.0,413215583.0,509673632.0,96458048.0,525215480.0,31.0,208653450.0,315747850.0,107094400.0,323982750.0,2.0,333197932.0,433574422.0,100376490.0,438829519.0,60.0,261779185.0,351865296.0,90086110.0,365614975.0,28.0,526420772.0,621778920.0,95358148.0,647026988.0,25.0,234699146.0,350926402.0,116227255.0,339257526.0,45.0,567398808.0,673395133.0,105996325.0,676727308.0,11.0,214372837.0,309442737.0,95069900.0,322523164.0,53.0,161006020.0,252803360.0,91797340.0,277062760.0,10.0,396088775.0,540011316.0,143922541.0,499320716.0,12.0,104943300.0,216182200.0,111238900.0,207966700.0,1.0,1078697711.0,3896395327.0,2817697616.0,1171988916.0,18.0,414123705.7307692,414123705.7307692,414123705.7307692,414123705.7307692,414123705.7307692,1623197844.0,1700106666.0,76908822.0,1735145055.0,8.0
78.0,272500057.0,383024878.0,110524821.0,384441386.0,257.0,150395951.0,281772989.0,131377037.0,268601311.0,93.0,199736298.0,331105418.0,131369119.0,315646378.0,146.0,79093468.0,216280836.0,137187368.0,197301716.0,75.0,111525057.0,238477090.0,126952033.0,223241551.0,84.0,167898183.0,273808683.0,105910500.0,281258660.0,27.0,140236298.0,260977095.0,120740797.0,253344581.0,74.0,132217662.0,242558659.0,110340996.0,248451844.0,27.0,145600612.0,247758542.0,102157930.0,259344258.0,69.0,127496773.0,233301640.0,105804866.0,240329614.0,84.0,109919926.0,207403613.0,97483686.0,225907928.0,37.0,102147866.0,227103430.0,124955563.0,214709781.0,33.0,148121593.0,246727850.0,98606256.0,263750250.0,30.0,194731148.0,294761325.0,100030177.0,305180645.0,30.0,99091933.0,196014933.0,96923000.0,215862600.0,3.0,151596107.0,253002241.0,101406133.0,267205641.0,63.0,120271025.0,217547993.0,97276968.0,236184162.0,32.0,114133418.0,239579054.0,125445636.0,226491854.0,22.0,135930546.0,261424693.0,125494146.0,245112375.0,45.0,215028112.0,333167450.0,118139337.0,329042831.0,16.0,138043094.0,237380818.0,99337724.0,251236041.0,52.0,65358530.0,184319780.0,118961250.0,179963300.0,10.0,140845675.0,271743658.0,130897983.0,243460441.0,12.0,16015000.0,122111200.0,106096200.0,155488100.0,1.0,432664718.0,2338089593.0,1905424875.0,552102500.0,14.0,-12011100.0,100090800.0,112101900.0,110100800.0,1.0,301403350.0,416919330.0,115515980.0,406450310.0,10.0
75.0,562816283.0,654894321.0,92078037.0,652433356.0,265.0,295323498.0,381767454.0,86443955.0,385364919.0,94.0,462657606.0,554460959.0,91803353.0,550672893.0,147.0,292006142.0,381025370.0,89019227.0,380702394.0,77.0,373924302.0,465814446.0,91890143.0,463389887.0,80.0,215788380.0,313410415.0,97622034.0,298823976.0,26.0,235772012.0,318875194.0,83103182.0,325908526.0,78.0,168925400.0,252901620.0,83976220.0,260495048.0,29.0,180796556.0,270511448.0,89714891.0,269348212.0,72.0,270068005.0,358412227.0,88344222.0,359994832.0,93.0,210702205.0,307183077.0,96480872.0,297361785.0,40.0,400188764.0,489731656.0,89542891.0,489794408.0,37.0,158517246.0,248545376.0,90028130.0,251713266.0,29.0,372316967.0,467809977.0,95493009.0,463535932.0,31.0,109114700.0,196206450.0,87091750.0,188057800.0,2.0,347367518.0,442408795.0,95041277.0,436834221.0,61.0,251820606.0,338373393.0,86552786.0,339692565.0,29.0,397507733.0,486861841.0,89354108.0,481190425.0,24.0,171829181.0,253658522.0,81829340.0,258837700.0,44.0,591325253.0,673545676.0,82220423.0,680003138.0,13.0,293527527.0,378567472.0,85039944.0,384314659.0,54.0,105921680.0,189562700.0,83641020.0,216784380.0,10.0,226229566.0,311343191.0,85113625.0,314306425.0,12.0,64504500.0,143991400.0,79486900.0,167882800.0,1.0,810804322.0,3634723866.0,2823919544.0,898899488.0,18.0,-3403500.0,108377100.0,111780600.0,108278150.0,2.0,930755050.0,1014701130.0,83946080.0,1021562740.0,10.0
76.0,794562714.0,890904645.0,96341930.0,901607282.0,257.0,431903201.0,539205896.0,107302695.0,548330096.0,91.0,733072923.0,864732418.0,131659494.0,838449528.0,149.0,439101677.0,574858989.0,135757312.0,551340201.0,75.0,513172786.0,651162140.0,137989354.0,621785015.0,82.0,455563042.0,555997661.0,100434619.0,560384700.0,25.0,549566040.0,660780472.0,111214431.0,657456286.0,79.0,313195196.0,418777172.0,105581975.0,420989120.0,29.0,360835668.0,457487322.0,96651654.0,475060552.0,75.0,384288666.0,484351544.0,100062877.0,495243652.0,86.0,425666152.0,524062128.0,98395976.0,535082350.0,36.0,416000397.0,540560605.0,124560208.0,523019148.0,37.0,442725876.0,537024540.0,94298663.0,548198730.0,30.0,601028000.0,706817243.0,105789243.0,708625313.0,30.0,433491900.0,585991800.0,152499900.0,556491050.0,2.0,540373196.0,644564660.0,104191463.0,652081049.0,61.0,399596582.0,491876785.0,92280203.0,509706382.0,28.0,631017534.0,725461600.0,94444065.0,734878961.0,26.0,419159621.0,530944582.0,111784960.0,520528190.0,41.0,622007761.0,746176061.0,124168300.0,727776115.0,13.0,485125598.0,577604894.0,92479296.0,592434703.0,53.0,321098090.0,420656780.0,99558690.0,435594750.0,10.0,276003936.0,392780681.0,116776745.0,375460081.0,10.0,347893400.0,469892300.0,121998900.0,489349900.0,1.0,1004436178.0,4430617742.0,3426181563.0,1106915936.0,19.0,73001300.0,191997100.0,118995800.0,204000200.0,1.0,1045186266.0,1154825244.0,109638977.0,1144019977.0,8.0
143.0,424629461.0,510162085.0,85532624.0,507457617.0,265.0,196926341.0,291555118.0,94628776.0,281756615.0,99.0,287731487.0,373009877.0,85278390.0,370299109.0,152.0,193992383.0,286034037.0,92041654.0,279048164.0,79.0,234879337.0,317075877.0,82196540.0,320001943.0,94.0,251195364.0,322329964.0,71134600.0,346524125.0,27.0,232284564.0,323980300.0,91695735.0,319352514.0,78.0,137528037.0,221644955.0,84116918.0,229230062.0,27.0,144483158.0,236984125.0,92500967.0,235044194.0,77.0,217317172.0,304322298.0,87005126.0,304029906.0,92.0,179906323.0,256128509.0,76222185.0,272381909.0,40.0,220165069.0,299219141.0,79054072.0,304372466.0,36.0,290206823.0,368609829.0,78403005.0,373860294.0,34.0,264041606.0,358605124.0,94563518.0,349343530.0,33.0,102947550.0,193262800.0,90315250.0,200628600.0,1.0,212993360.0,306653586.0,93660226.0,298608395.0,68.0,244637010.0,323716013.0,79079003.0,325146644.0,29.0,252590408.0,355562184.0,102971776.0,347629996.0,25.0,214403102.0,297952512.0,83549410.0,295715746.0,47.0,342700238.0,438061430.0,95361192.0,432861361.0,12.0,176562916.0,259006405.0,82443489.0,264956900.0,55.0,168730730.0,261408070.0,92677340.0,256702110.0,10.0,213610469.0,295757200.0,82146730.0,290245146.0,13.0,233976900.0,329125200.0,95148300.0,287072800.0,1.0,790408258.0,2252751524.0,1462343265.0,862647996.0,29.0,271005000.0,337151700.0,66146700.0,320469700.0,1.0,803451666.0,888562422.0,85110755.0,874815911.0,7.0
0.0,152042987.0,285380121.0,133337134.0,252678569.0,246.0,184490800.0,277386670.0,92895870.0,285821658.0,85.0,87014261.0,211679261.0,124665000.0,187818880.0,134.0,103246042.0,223213732.0,119967690.0,200305507.0,70.0,99865607.0,214296746.0,114431139.0,197403088.0,79.0,96229230.0,203475423.0,107246192.0,203464730.0,26.0,101148381.0,189643578.0,88495197.0,207296013.0,76.0,122682612.0,206174903.0,83492290.0,215442354.0,31.0,80826042.0,197555338.0,116729295.0,180194112.0,71.0,120215955.0,228426977.0,108211022.0,224409388.0,90.0,108044189.0,217443432.0,109399243.0,217542972.0,37.0,74121354.0,1484203709.0,1410082354.0,172656870.0,31.0,75141923.0,163850769.0,88708846.0,184005730.0,25.0,77093466.0,183727300.0,106633833.0,184459200.0,30.0,113840000.0,195642000.0,81802000.0,195177000.0,1.0,75213900.0,181639383.0,106425483.0,169648983.0,60.0,125008730.0,201339576.0,76330846.0,231575500.0,26.0,119247000.0,207248916.0,88001916.0,221783541.0,24.0,56209692.0,155534128.0,99324435.0,150286076.0,39.0,268515000.0,356277466.0,87762466.0,366837466.0,15.0,90801734.0,187774673.0,96972938.0,186479387.0,48.0,117918200.0,199197900.0,81279700.0,219503700.0,10.0,117346727.0,218664363.0,101317636.0,209164363.0,11.0,36229000.0,135104000.0,98875000.0,159551000.0,1.0,450227615.0,1643147538.0,1192919923.0,553763923.0,13.0,122661094.11538461,122661094.11538461,122661094.11538461,122661094.11538461,122661094.11538461,136468000.0,229105250.0,92637250.0,229743875.0,7.0
50.0,134162832.0,237194484.0,103031651.0,238216489.0,256.0,87806859.0,182297818.0,94490959.0,187350088.0,87.0,116741711.0,227844344.0,111102632.0,220027459.0,144.0,33702530.0,153584102.0,119881572.0,131757818.0,75.0,36624705.0,145018788.0,108394082.0,145461600.0,76.0,35380407.0,159219342.0,123838935.0,154976025.0,27.0,65793264.0,166431933.0,100638668.0,175756456.0,73.0,67250684.0,152617723.0,85367038.0,173258169.0,26.0,40943652.0,158683636.0,117739984.0,151780753.0,68.0,49263627.0,171582921.0,122319294.0,156794794.0,85.0,40600044.0,151402928.0,110802884.0,159370439.0,38.0,91896685.0,184640877.0,92744191.0,191030191.0,34.0,43642553.0,156836978.0,113194425.0,154349071.0,28.0,92737670.0,198166423.0,105428752.0,207063547.0,34.0,74002785.0,74002785.0,74002785.0,74002785.0,74002785.0,77528479.0,193719630.0,116191150.0,181071657.0,59.0,77334703.0,167537903.0,90203200.0,181022892.0,27.0,73941490.0,175458840.0,101517350.0,188468231.0,22.0,58256540.0,144762442.0,86505902.0,163377652.0,42.0,122534083.0,211343891.0,88809808.0,233519550.0,9.0,42030837.0,157833115.0,115802278.0,150881384.0,51.0,55365566.0,144780388.0,89414822.0,166705000.0,9.0,11929625.0,121108283.0,109178658.0,106923375.0,11.0,-58559900.0,77104400.0,135664300.0,62463800.0,1.0,367191914.0,12370642271.0,12003450357.0,457895800.0,7.0,-2926700.0,116144500.0,119071200.0,110288900.0,1.0,162898550.0,272558330.0,109659780.0,269705980.0,10.0
82.0,483772940.0,557314218.0,73541277.0,556167295.0,260.0,288236234.0,336008422.0,47772187.0,354403121.0,89.0,429940303.0,497093384.0,67153080.0,498640963.0,145.0,277539265.0,388863848.0,111324582.0,348155314.0,75.0,391281408.0,470694915.0,79413507.0,469468452.0,85.0,235929375.0,321077725.0,85148350.0,311799478.0,27.0,322728809.0,382961775.0,60232965.0,393790852.0,84.0,231957225.0,294488703.0,62531478.0,294095314.0,28.0,229864584.0,313395002.0,83530418.0,304899358.0,75.0,247451645.0,332994029.0,85542383.0,317894210.0,93.0,214799884.0,290139460.0,75339576.0,288184860.0,38.0,350557344.0,412232200.0,61674855.0,416279582.0,34.0,331803536.0,410019687.0,78216151.0,403900406.0,33.0,406326352.0,485450461.0,79124108.0,478205802.0,36.0,404762133.0,463772500.0,59010366.0,474575566.0,3.0,337283741.0,420185075.0,82901333.0,407992393.0,62.0,291709793.0,348112368.0,56402575.0,353064358.0,29.0,364860234.0,440636913.0,75776678.0,445884517.0,23.0,235850757.0,303398133.0,67547376.0,315009933.0,42.0,448936666.0,509983033.0,61046366.0,535374400.0,12.0,235552974.0,301338972.0,65785998.0,305905439.0,49.0,162791500.0,234767477.0,71975977.0,245793855.0,9.0,254408583.0,318822166.0,64413583.0,317782633.0,9.0,350850426.6,350850426.6,350850426.6,350850426.6,350850426.6,876314860.0,3863534586.0,2987219726.0,949218313.0,15.0,350850426.6,350850426.6,350850426.6,350850426.6,350850426.6,716600520.0,804468440.0,87867920.0,794094070.0,10.0
35.0,334848379.0,408863850.0,74015470.0,405853752.0,256.0,240403283.0,318097692.0,77694408.0,316252198.0,89.0,280002232.0,347157082.0,67154849.0,356531278.0,139.0,192611387.0,296270023.0,103658636.0,267602208.0,70.0,199238750.0,281471916.0,82233165.0,274832827.0,81.0,182019168.0,251732212.0,69713044.0,253131008.0,25.0,264986382.0,334699709.0,69713326.0,341282677.0,76.0,222631240.0,301047251.0,78416011.0,288732855.0,27.0,188050529.0,252287510.0,64236980.0,261410350.0,68.0,218326401.0,284207177.0,65880776.0,296776701.0,85.0,154191021.0,228107573.0,73916552.0,235530942.0,38.0,204640272.0,283438460.0,78798187.0,279030096.0,33.0,305978640.0,369844126.0,63865486.0,384416406.0,29.0,287707996.0,370541731.0,82833734.0,368528518.0,32.0,140234750.0,228691450.0,88456700.0,201004400.0,2.0,263271106.0,349921580.0,86650473.0,338016486.0,61.0,287747578.0,353925882.0,66178303.0,356406778.0,28.0,274964013.0,354173060.0,79209047.0,363893856.0,22.0,208425445.0,282988710.0,74563265.0,282850702.0,39.0,385442242.0,471422950.0,85980707.0,464669385.0,13.0,184317278.0,244893044.0,60575766.0,259208230.0,50.0,113140933.0,195495788.0,82354855.0,182079388.0,9.0,227729908.0,301525233.0,73795325.0,288886866.0,12.0,116281300.0,200942100.0,84660800.0,216165100.0,1.0,464729280.0,2997272086.0,2532542806.0,528941706.0,15.0,235778860.8846154,235778860.8846154,235778860.8846154,235778860.8846154,235778860.8846154,188330870.0,291510600.0,103179730.0,267376500.0,10.0
61.0,660831186.0,825975716.0,165144529.0,766540014.0,270.0,268409020.0,361285393.0,92876372.0,371566028.0,88.0,437863154.0,535956717.0,98093562.0,544203235.0,147.0,237797350.0,351711925.0,113914575.0,350362097.0,70.0,336722437.0,439358048.0,102635611.0,450306874.0,81.0,325853214.0,433779559.0,107926344.0,430087122.0,23.0,282184527.0,389007751.0,106823223.0,393354068.0,76.0,161832689.0,262401175.0,100568486.0,271671275.0,29.0,157550428.0,268144775.0,110594347.0,271276587.0,70.0,198194403.0,316197165.0,118002762.0,302930568.0,87.0,229821385.0,337230352.0,107408967.0,345513645.0,40.0,349793222.0,452919005.0,103125782.0,464440360.0,35.0,238097278.0,335650328.0,97553050.0,350175853.0,28.0,321594765.0,426731543.0,105136778.0,432636031.0,32.0,176328050.0,262136650.0,85808600.0,260399550.0,2.0,366249337.0,479547957.0,113298620.0,481826116.0,59.0,250692275.0,342594342.0,91902067.0,357793367.0,28.0,419507691.0,528283256.0,108775565.0,535895521.0,23.0,199476346.0,311621102.0,112144756.0,310750075.0,41.0,396882225.0,487402833.0,90520608.0,513566650.0,12.0,208700257.0,302855571.0,94155313.0,322761682.0,51.0,151924790.0,271213120.0,119288330.0,260102710.0,10.0,241912527.0,351799509.0,109886981.0,342600845.0,10.0,111599100.0,196168000.0,84568900.0,200136150.0,2.0,934794233.0,1050500472.0,115706238.0,1033884327.0,18.0,-14880400.0,82831500.0,97711900.0,67455600.0,1.0,541797022.0,666293388.0,124496366.0,663041955.0,9.0
116.0,503601916.0,592716394.0,89114478.0,597244066.0,275.0,285149774.0,383582287.0,98432512.0,380469376.0,93.0,570486387.0,675357580.0,104871193.0,659958843.0,146.0,264361345.0,364841153.0,100479807.0,353542529.0,78.0,354688367.0,462690926.0,108002559.0,454448443.0,86.0,202173274.0,316741855.0,114568581.0,301428359.0,27.0,307276925.0,412194518.0,104917592.0,404553001.0,81.0,195272064.0,286631632.0,91359567.0,311670450.0,28.0,257382922.0,366192478.0,108809555.0,360775214.0,73.0,252071993.0,350214589.0,98142595.0,347559459.0,93.0,262920623.0,358569860.0,95649237.0,366957262.0,43.0,284256340.0,377099078.0,92842737.0,372753756.0,35.0,272544290.0,355546906.0,83002616.0,371436300.0,30.0,341208948.0,455379524.0,114170575.0,444336536.0,33.0,161501450.0,262569300.0,101067850.0,262511200.0,2.0,407819096.0,507911518.0,100092421.0,503094637.0,61.0,323639190.0,404857713.0,81218523.0,406217310.0,29.0,394507916.0,470674458.0,76166541.0,500858187.0,24.0,254752381.0,345612467.0,90860086.0,345706693.0,43.0,373254553.0,464627220.0,91372666.0,471379500.0,15.0,219599657.0,308166814.0,88567156.0,321840677.0,57.0,242827425.0,323740125.0,80912700.0,325622466.0,11.0,262114728.0,379820014.0,117705285.0,368375071.0,13.0,146659800.0,218060300.0,71400500.0,174435900.0,1.0,577212187.0,5465873887.0,4888661700.0,665993843.0,16.0,312368766.96153843,312368766.96153843,312368766.96153843,312368766.96153843,312368766.96153843,404304390.0,527963109.0,123658718.0,496988054.0,8.0
217.0,773218376.0,964575637.0,191357260.0,882764549.0,308.0,315667198.0,424662636.0,108995438.0,427949304.0,103.0,395151186.0,646729352.0,251578165.0,508150092.0,164.0,253655012.0,365893680.0,112238668.0,375305986.0,89.0,322008912.0,438560178.0,116551265.0,435275203.0,91.0,189585182.0,315685160.0,126099977.0,299873271.0,35.0,232478789.0,340151707.0,107672917.0,346147487.0,89.0,220788577.0,332719709.0,111931132.0,330648667.0,31.0,200779308.0,299660471.0,98881163.0,320241671.0,84.0,253399886.0,370996114.0,117596227.0,378464749.0,99.0,192637246.0,325546944.0,132909697.0,311320500.0,42.0,282546912.0,399741827.0,117194915.0,408396742.0,40.0,154944364.0,253426874.0,98482509.0,281840670.0,31.0,223108457.0,360504715.0,137396257.0,339190154.0,33.0,208357500.0,319524900.0,111167400.0,313434000.0,2.0,565171204.0,704406967.0,139235763.0,683408361.0,71.0,234144558.0,335544588.0,101400029.0,337185267.0,34.0,292764009.0,423423615.0,130659606.0,408050678.0,32.0,130793664.0,249056618.0,118262954.0,231707764.0,50.0,459747037.0,572591237.0,112844200.0,586216893.0,16.0,178609594.0,301376553.0,122766958.0,290051301.0,58.0,141690358.0,267515883.0,125825525.0,261971691.0,10.0,255438220.0,370373453.0,114935233.0,343161880.0,15.0,101662400.0,187906300.0,86243900.0,212702000.0,1.0,2705957822.0,2836080044.0,130122222.0,2812870916.0,17.0,373621054.5,373621054.5,373621054.5,373621054.5,373621054.5,429841646.0,594127500.0,164285853.0,539806261.0,13.0
22.0,609172447.0,615763782.0,6591334.0,622358225.0,248.0,380056302.0,390206174.0,10149872.0,390568930.0,86.0,469148838.0,481912764.0,12763926.0,478563058.0,136.0,371155802.0,380807056.0,9651253.0,381042915.0,71.0,339775716.0,347202283.0,7426567.0,345406089.0,67.0,367524500.0,376265041.0,8740541.0,379128750.0,23.0,512862720.0,556568760.0,43706040.0,522891013.0,75.0,362733280.0,369219920.0,6486640.0,371138760.0,24.0,362128650.0,373594916.0,11466266.0,375357750.0,60.0,385430400.0,394548564.0,9118164.0,394745694.0,85.0,366992382.0,377695647.0,10703264.0,375430029.0,34.0,374357258.0,387617000.0,13259741.0,384147064.0,31.0,360700607.0,371978607.0,11278000.0,371075642.0,28.0,455145633.0,465353533.0,10207900.0,466460333.0,30.0,341279000.0,342442500.0,1163500.0,342473500.0,2.0,442192309.0,452455327.0,10263018.0,450060345.0,53.0,351724833.0,363662166.0,11937333.0,366698500.0,24.0,627676350.0,636049800.0,8373450.0,633036400.0,20.0,331196444.0,341600777.0,10404333.0,341554611.0,35.0,667900454.0,677664090.0,9763636.0,686674000.0,11.0,267451204.0,280574795.0,13123591.0,278046693.0,49.0,270466500.0,277749875.0,7283375.0,277182625.0,8.0,387556461.0,399896923.0,12340461.0,408743000.0,13.0,221155000.0,223040000.0,1885000.0,222707000.0,1.0,940345823.0,954973176.0,14627352.0,948318117.0,17.0,193962000.0,194360000.0,398000.0,194300000.0,1.0,619050777.0,631672222.0,12621444.0,626218444.0,9.0
19.0,348434916.0,454362580.0,105927664.0,436970344.0,251.0,191442022.0,287958357.0,96516335.0,285471011.0,88.0,276253428.0,382817343.0,106563915.0,367712850.0,140.0,216598581.0,305778380.0,89179798.0,317087976.0,72.0,207622629.0,305200145.0,97577515.0,302109433.0,76.0,223873746.0,297832669.0,73958923.0,310148257.0,26.0,256304007.0,361609521.0,105305513.0,347732088.0,78.0,189071628.0,283521332.0,94449703.0,279958835.0,28.0,241261438.0,313716688.0,72455249.0,336514428.0,67.0,206493415.0,286558667.0,80065252.0,304458222.0,86.0,165165305.0,250947136.0,85781831.0,265980457.0,38.0,230028090.0,325209724.0,95181633.0,320849218.0,33.0,291372648.0,373198444.0,81825796.0,376002893.0,29.0,300738983.0,376730413.0,75991430.0,406550220.0,29.0,206716950.0,298195750.0,91478800.0,280495200.0,2.0,283438554.0,374662215.0,91223661.0,372018018.0,59.0,266395075.0,332626562.0,66231486.0,357375593.0,29.0,296318518.0,401557631.0,105239113.0,387166613.0,22.0,180633590.0,270134085.0,89500495.0,271443940.0,39.0,218560266.0,308534350.0,89974083.0,305971258.0,12.0,171226276.0,249474502.0,78248226.0,276955376.0,50.0,145390200.0,235925211.0,90535011.0,237018366.0,9.0,244142850.0,326229566.0,82086716.0,318212741.0,12.0,256326420.65384614,256326420.65384614,256326420.65384614,256326420.65384614,256326420.65384614,690371582.0,2799416394.0,2109044811.0,761125335.0,17.0,69597100.0,155277400.0,85680300.0,148103000.0,1.0,547035140.0,642389940.0,95354800.0,631890610.0,10.0
109.0,406647133.0,417880809.0,11233676.0,479552188.0,267.0,249619293.0,325264358.0,75645065.0,325971211.0,88.0,372446089.0,452166230.0,79720140.0,442267719.0,140.0,327970300.0,417951127.0,89980827.0,387421153.0,80.0,252036290.0,335151287.0,83114997.0,322394330.0,83.0,334775816.0,412867580.0,78091764.0,411423738.0,31.0,306713950.0,389937042.0,83223091.0,367373684.0,83.0,242005344.0,319815368.0,77810024.0,315629024.0,29.0,293341874.0,383834680.0,90492805.0,363717589.0,75.0,283047302.0,375191403.0,92144101.0,346975581.0,97.0,275324239.0,348411634.0,73087394.0,333404202.0,38.0,272542977.0,351799816.0,79256838.0,338019652.0,36.0,310115368.0,392167028.0,82051659.0,375972212.0,31.0,375833631.0,458668639.0,82835007.0,439732031.0,37.0,116789800.0,216214350.0,99424550.0,203584150.0,2.0,372131029.0,455671014.0,83539985.0,432579496.0,61.0,298608265.0,362295659.0,63687393.0,367829921.0,32.0,310694954.0,386444679.0,75749725.0,374589391.0,24.0,262352513.0,343129922.0,80777408.0,331425166.0,44.0,286978392.0,363540523.0,76562130.0,354896800.0,13.0,284628052.0,364299388.0,79671335.0,341521490.0,53.0,134145088.0,221481155.0,87336066.0,205931444.0,9.0,256256708.0,323707116.0,67450408.0,319692875.0,12.0,234078100.0,320359100.0,86281000.0,336601400.0,1.0,561102757.0,637776015.0,76673257.0,623796568.0,19.0,55518450.0,151741900.0,96223450.0,140457450.0,2.0,557202630.0,633171450.0,75968820.0,609555770.0,9.0
80.0,311314230.0,399059721.0,87745491.0,424594093.0,262.0,136000501.0,251829386.0,115828885.0,246771918.0,91.0,185617231.0,324555852.0,138938620.0,294824517.0,148.0,115321752.0,257404767.0,142083014.0,234882838.0,74.0,76674895.0,224261933.0,147587038.0,190593306.0,80.0,143844532.0,253119042.0,109274510.0,259373432.0,28.0,126282168.0,251523514.0,125241345.0,237289697.0,73.0,121895958.0,232972506.0,111076548.0,239424620.0,29.0,187564169.0,299043265.0,111479096.0,310657052.0,78.0,139867267.0,263720468.0,123853201.0,251983153.0,92.0,128337187.0,227997438.0,99660251.0,250509171.0,39.0,111515892.0,233920828.0,122404936.0,222615205.0,38.0,167325842.0,269605257.0,102279414.0,290948900.0,28.0,240349116.0,344742896.0,104393780.0,357776070.0,31.0,116892150.0,255494900.0,138602750.0,229763550.0,2.0,209362217.0,310652618.0,101290401.0,316530893.0,58.0,171446237.0,272271158.0,100824920.0,280399917.0,28.0,102057000.0,233417545.0,131360545.0,239264422.0,22.0,143814600.0,284008026.0,140193426.0,251391533.0,42.0,145487378.0,259047864.0,113560485.0,279106050.0,14.0,137190334.0,237634261.0,100443926.0,257153986.0,52.0,135021861.0,255578307.0,120556446.0,246666392.0,12.0,124230291.0,263119808.0,138889516.0,188069783.0,12.0,96255600.0,196006900.0,99751300.0,276295000.0,1.0,466952009.0,1946411904.0,1479459895.0,561040604.0,22.0,174886715.57692307,174886715.57692307,174886715.57692307,174886715.57692307,174886715.57692307,506434188.0,642085222.0,135651033.0,606465677.0,8.0
17.0,824176951.0,935542691.0,111365740.0,909130874.0,256.0,406337854.0,501320910.0,94983055.0,506650087.0,88.0,454408517.0,574989582.0,120581064.0,549892604.0,136.0,308759136.0,418062479.0,109303343.0,403191909.0,72.0,424670236.0,528989072.0,104318835.0,508090990.0,76.0,314306932.0,1674193036.0,1359886104.0,400220988.0,25.0,471273250.0,572433189.0,101159939.0,564042356.0,76.0,262995909.0,354652732.0,91656822.0,359809893.0,31.0,366632680.0,432957388.0,66324708.0,467847821.0,71.0,337788746.0,415844847.0,78056101.0,428144810.0,84.0,311126140.0,374658418.0,63532278.0,409863486.0,37.0,368862546.0,486772356.0,117909809.0,458912003.0,30.0,282318675.0,338849834.0,56531158.0,380425693.0,29.0,409215878.0,483348781.0,74132903.0,506413950.0,32.0,222414450.0,310455600.0,88041150.0,306088100.0,2.0,455505093.0,519013503.0,63508410.0,553341361.0,60.0,324157319.0,388539461.0,64382142.0,417425200.0,26.0,434600515.0,511934031.0,77333515.0,538451921.0,19.0,367702673.0,462381514.0,94678841.0,448523970.0,41.0,590781441.0,680938983.0,90157541.0,673008216.0,12.0,252252150.0,318279601.0,66027450.0,353462264.0,51.0,151647485.0,222236900.0,70589414.0,245473142.0,6.0,432869818.0,525362245.0,92492427.0,502417700.0,10.0,401986268.4230769,401986268.4230769,401986268.4230769,401986268.4230769,401986268.4230769,867765905.0,925025038.0,57259133.0,943167622.0,18.0,23020700.0,93427900.0,70407200.0,159143800.0,1.0,786051980.0,837825520.0,51773540.0,887428320.0,10.0
0.0,246907550.0,349542681.0,102635130.0,376538998.0,266.0,126987613.0,271396293.0,144408680.0,254393521.0,98.0,166467654.0,317534654.0,151067000.0,297045776.0,148.0,136030642.0,292145224.0,156114581.0,259689952.0,79.0,141442677.0,281794943.0,140352266.0,275730589.0,85.0,155940475.0,294164470.0,138223995.0,293469571.0,30.0,145654874.0,295225131.0,149570256.0,279063627.0,83.0,87113442.0,218737073.0,131623631.0,223801860.0,29.0,88904826.0,222388677.0,133483851.0,229116213.0,72.0,127957435.0,265084525.0,137127089.0,254317372.0,90.0,88913019.0,217451861.0,128538841.0,221835946.0,39.0,106795884.0,248956859.0,142160974.0,240110515.0,35.0,103536485.0,212754101.0,109217616.0,242326114.0,30.0,175037916.0,288018826.0,112980909.0,309363468.0,34.0,162667486.0,309963895.0,147296409.0,319717827.0,2.0,191767759.0,309933218.0,118165459.0,317759537.0,62.0,154171712.0,262563807.0,108392094.0,282799059.0,29.0,171679010.0,294918471.0,123239461.0,318936131.0,24.0,145329211.0,282419733.0,137090522.0,269560746.0,46.0,289697413.0,413636112.0,123938698.0,421122474.0,14.0,131334468.0,239877687.0,108543219.0,260243751.0,52.0,13697229.0,157754728.0,144057498.0,128232163.0,8.0,75632551.0,226302685.0,150670133.0,192087706.0,11.0,79943798.0,143854985.0,63911187.0,210651573.0,1.0,527603554.0,658226787.0,130623232.0,646847139.0,22.0,56848823.0,167445792.0,110596969.0,172177348.0,1.0,702813553.0,842370265.0,139556712.0,825889093.0,11.0
139.0,401543435.0,474169023.0,72625587.0,490146171.0,268.0,207219281.0,285967765.0,78748484.0,299959655.0,95.0,276361840.0,389032676.0,112670835.0,364036158.0,153.0,169972409.0,299882510.0,129910101.0,259911124.0,77.0,207740244.0,325732305.0,117992060.0,293967868.0,87.0,256983182.0,334767917.0,77784735.0,346492985.0,28.0,220174417.0,316248889.0,96074472.0,308824521.0,79.0,199287939.0,276786825.0,77498885.0,290013107.0,28.0,236526244.0,320979481.0,84453237.0,326373970.0,77.0,224623168.0,303275158.0,78651989.0,312713829.0,93.0,200856632.0,284397565.0,83540932.0,292288390.0,43.0,224762788.0,323469950.0,98707161.0,308809614.0,34.0,293766487.0,371305571.0,77539084.0,377185925.0,32.0,330299631.0,402575736.0,72276105.0,408528568.0,38.0,233545300.0,334970633.0,101425333.0,306945166.0,2.0,278931081.0,367740454.0,88809372.0,368690477.0,59.0,288690457.0,362435928.0,73745471.0,374303903.0,28.0,260194395.0,351277008.0,91082612.0,349150087.0,24.0,166106195.0,263216535.0,97110340.0,251628226.0,45.0,388968269.0,463959453.0,74991184.0,484285569.0,12.0,159411293.0,233812151.0,74400858.0,246223376.0,60.0,254130440.0,332701770.0,78571330.0,339007470.0,10.0,235059369.0,353012530.0,117953161.0,315517007.0,13.0,145131800.0,232210400.0,87078600.0,272247300.0,1.0,645961075.0,2632513366.0,1986552291.0,714981958.0,22.0,464421700.0,480436200.0,16014500.0,592537400.0,1.0,581861366.0,651424541.0,69563175.0,659014633.0,12.0
62.0,641673862.0,725745297.0,84071434.0,733555099.0,257.0,414995575.0,513594917.0,98599341.0,509594252.0,93.0,608022470.0,711263867.0,103241397.0,704778560.0,142.0,410497035.0,521858339.0,111361303.0,507228289.0,76.0,472767524.0,591203350.0,118435825.0,571363554.0,82.0,386106111.0,475717396.0,89611284.0,473061650.0,25.0,429830607.0,530359101.0,100528493.0,525970140.0,77.0,268520710.0,383359760.0,114839050.0,365938210.0,28.0,400341558.0,483859556.0,83517997.0,496671182.0,78.0,428969888.0,515541196.0,86571308.0,523101987.0,84.0,453010874.0,533644848.0,80633974.0,551885523.0,39.0,341764276.0,451158429.0,109394152.0,433542458.0,32.0,417947910.0,498793006.0,80845096.0,515965200.0,29.0,500199409.0,587959430.0,87760021.0,598254663.0,33.0,193923250.0,307531450.0,113608200.0,292087500.0,2.0,521540862.0,605031072.0,83490210.0,618606206.0,59.0,451545928.0,540306503.0,88760575.0,546568192.0,28.0,441245895.0,521816850.0,80570954.0,531205920.0,23.0,348354850.0,471797465.0,123442615.0,439542843.0,44.0,656728630.0,768663538.0,111934907.0,746563107.0,13.0,338112990.0,417014154.0,78901164.0,428281920.0,52.0,227788400.0,350068330.0,122279930.0,317196330.0,10.0,345786483.0,446782833.0,100996350.0,433228300.0,12.0,275206400.0,376244400.0,101038000.0,385051900.0,2.0,1235412336.0,4758117184.0,3522704847.0,1333376657.0,19.0,32929900.0,135736300.0,102806400.0,143935500.0,1.0,1025585740.0,1110274020.0,84688280.0,1123997860.0,9.0
9.0,1047784610.0,1053344289.0,5559678.0,1054133329.0,249.0,644668571.0,650334178.0,5665607.0,650358940.0,84.0,873948755.0,879660651.0,5711896.0,879777800.0,135.0,569839263.0,574759277.0,4920013.0,575546597.0,71.0,727328828.0,791670881.0,64342052.0,734321144.0,75.0,654776920.0,660037400.0,5260480.0,668438240.0,25.0,578939689.0,584028567.0,5088878.0,583866594.0,74.0,431943148.0,435574740.0,3631592.0,435617444.0,27.0,462750984.0,468181815.0,5430830.0,468205646.0,65.0,585617188.0,590220000.0,4602811.0,590187529.0,84.0,601211102.0,606435564.0,5224461.0,608343000.0,38.0,684903290.0,691512935.0,6609645.0,691532387.0,31.0,528983888.0,534001592.0,5017703.0,534105925.0,27.0,770567200.0,775725633.0,5158433.0,775801200.0,30.0,394846500.0,395567500.0,721000.0,395596000.0,2.0,681408517.0,686338189.0,4929672.0,686267775.0,58.0,447410250.0,454924750.0,7514500.0,454909750.0,28.0,684056318.0,688343454.0,4287136.0,691662954.0,22.0,531042769.0,536529615.0,5486846.0,536591794.0,38.0,763382500.0,768942666.0,5560166.0,769063083.0,12.0,567613860.0,573636480.0,6022620.0,573736500.0,50.0,408553222.0,411910000.0,3356777.0,411950444.0,9.0,724833666.0,733478583.0,8644916.0,733560916.0,12.0,391547000.0,392362000.0,815000.0,392329000.0,1.0,1766907764.0,1773740470.0,6832705.0,1773501176.0,17.0,158564000.0,159032000.0,468000.0,159009000.0,1.0,1226099000.0,1233006142.0,6907142.0,1233405000.0,6.0
136.0,335797274.0,391567106.0,55769832.0,391767882.0,270.0,222070538.0,282808194.0,60737655.0,279637655.0,103.0,269938359.0,345899583.0,75961224.0,330706351.0,155.0,138813076.0,219002220.0,80189144.0,208206024.0,77.0,217307771.0,300978651.0,83670879.0,276801770.0,86.0,204240330.0,247809363.0,43569033.0,259446340.0,29.0,191413055.0,274224919.0,82811863.0,247439360.0,86.0,185633739.0,242562521.0,56928782.0,252451903.0,27.0,185631226.0,235267276.0,49636050.0,245833401.0,72.0,202115890.0,245378394.0,43262504.0,257374332.0,94.0,182651222.0,224622592.0,41971370.0,246399885.0,40.0,237043580.0,303897425.0,66853845.0,304958145.0,35.0,214829950.0,264940300.0,50110350.0,269824176.0,34.0,317870819.0,356341093.0,38470274.0,373863064.0,31.0,165160100.0,247461500.0,82301400.0,218976750.0,2.0,223206356.0,263288273.0,40081917.0,281975948.0,64.0,188655355.0,238581396.0,49926041.0,242010986.0,29.0,176607200.0,236483013.0,59875813.0,239063095.0,22.0,155115058.0,231843872.0,76728813.0,217027604.0,43.0,178869415.0,248374023.0,69504607.0,240604161.0,13.0,143202325.0,193799841.0,50597515.0,207047877.0,58.0,223361640.0,298428150.0,75066510.0,291262950.0,10.0,147083141.0,220291658.0,73208516.0,214329533.0,12.0,193999800.0,254975700.0,60975900.0,280468700.0,1.0,654765893.0,2856523425.0,2201757531.0,707674693.0,16.0,40924100.0,117992100.0,77068000.0,120925500.0,1.0,337591738.0,390784769.0,53193030.0,395801623.0,13.0
100.0,482552074.0,553416541.0,70864467.0,554749984.0,263.0,349455028.0,422940696.0,73485668.0,424438978.0,89.0,417256055.0,491894517.0,74638462.0,491713474.0,151.0,318951583.0,400907210.0,81955627.0,393393541.0,74.0,374526280.0,456356625.0,81830345.0,450383576.0,80.0,317277170.0,385352322.0,68075151.0,394703474.0,27.0,300657000.0,376513600.0,75856600.0,375385367.0,78.0,219437796.0,296297113.0,76859316.0,288278920.0,28.0,324376251.0,399657105.0,75280853.0,395493205.0,77.0,288466924.0,362037191.0,73570267.0,362738719.0,91.0,293710330.0,357182430.0,63472100.0,361355266.0,41.0,296500462.0,376730835.0,80230372.0,370163327.0,37.0,246498183.0,324341670.0,77843487.0,324072832.0,31.0,417682105.0,493899460.0,76217354.0,491328317.0,34.0,169724150.0,235630800.0,65906650.0,256733650.0,2.0,326092020.0,403448635.0,77356615.0,397912661.0,65.0,325009855.0,393859314.0,68849458.0,394791858.0,34.0,340803960.0,410456116.0,69652156.0,421572676.0,25.0,301294095.0,372830007.0,71535911.0,372667940.0,42.0,318050000.0,384289000.0,66239000.0,392911553.0,12.0,274258145.0,348021677.0,73763532.0,347983135.0,53.0,192496966.0,278470144.0,85973177.0,274309144.0,9.0,250555458.0,339592925.0,89037466.0,314392025.0,12.0,138639700.0,228647300.0,90007600.0,198678700.0,1.0,902218294.0,3387678382.0,2485460088.0,979229105.0,17.0,39986100.0,115694800.0,75708700.0,135874800.0,1.0,368214111.0,432544700.0,64330588.0,430872088.0,9.0
